Year,"UKRI stipend, £ [2]","National min / living wage (NMW/NLW, £/hr) [3]","Personal allowance, £","Average annual council tax (England), £ [4]","Real living wage (RLW, £/hr) [5]"
year,stipend,nmw_rate,allowance,counctax,rlw_rate
2012,13590,6.19,8105,1201,7.45
2013,13786,6.31,9440,1045,7.65
2014,13863,6.50,10600,1051,7.85
2015,14057,6.70,10600,1078,8.25
2016,14296,7.20,11000,1128,8.45
2017,14553,7.50,11500,1185,8.75
2018,14777,7.83,11850,1258,9
2019,15009,8.21,12500,1327,9.30
2020,15285,8.72,12500,1385,9.50
2021,15609,8.91,12570,1428,9.90
2022,16062,9.50,12570,1493,10.90
2023,17668,10.42,12570,1493,
