Year,"Consumer Price Index with housing costs, CPIH INDEX 00: ALL ITEMS 2015=100, [1]"
year,cpih
2012,96
2013,98.2
2014,99.6
2015,100
2016,101
2017,103.6
2018,106
2019,107.8
2020,108.9
2021,111.6
2022,120.5
2023,124.8
